USE [MallDB]
GO

INSERT INTO [dbo].[GoodsGroups]
           ([id]
           ,[name])
     VALUES
           (1
           ,'A')
GO

INSERT INTO [dbo].[GoodsGroups]
           ([id]
           ,[name])
     VALUES
           (2
           ,'B')
GO

INSERT INTO [dbo].[GoodsGroups]
           ([id]
           ,[name])
     VALUES
           (3
           ,'C')
GO

/*
USE [MallDB]
GO

INSERT INTO [dbo].[Goods]
           ([id]
           ,[name]
           ,[group1])
     VALUES
           (1
           ,'Alesis Andromeda'
           ,1)
GO

INSERT INTO [dbo].[Goods]
           ([id]
           ,[name]
           ,[group1])
     VALUES
           (2
           ,'Ableton Push'
           ,3)
GO

INSERT INTO [dbo].[Goods]
           ([id]
           ,[name]
           ,[group1])
     VALUES
           (3
           ,'BigSky Reverb'
           ,2)
GO

INSERT INTO [dbo].[Goods]
           ([id]
           ,[name]
           ,[group1])
     VALUES
           (4
           ,'Korg Minilogue'
           ,1)
GO
INSERT INTO [dbo].[Goods]
           ([id]
           ,[name]
           ,[group1])
     VALUES
           (5
           ,'BigSky Delay'
           ,2)
GO
INSERT INTO [dbo].[Goods]
           ([id]
           ,[name]
           ,[group1])
     VALUES
           (6
           ,'Roli Seaboard Block'
           ,3)
GO
INSERT INTO [dbo].[Goods]
           ([id]
           ,[name]
           ,[group1])
     VALUES
           (7
           ,'Moog Voyager'
           ,1)
GO




USE [MallDB]
GO

INSERT INTO [dbo].[GoodsSales]
           ([id]
           ,[good_id]
           ,[quantity]
           ,[sale_date])
     VALUES
           (1
           ,7
           ,2
           ,'2020-09-16')
GO

INSERT INTO [dbo].[GoodsSales]
           ([id]
           ,[good_id]
           ,[quantity]
           ,[sale_date])
     VALUES
           (2
           ,3
           ,1
           ,'2020-08-09')
GO

INSERT INTO [dbo].[GoodsSales]
           ([id]
           ,[good_id]
           ,[quantity]
           ,[sale_date])
     VALUES
           (3
           ,2
           ,1
           ,'2020-05-21')
GO

INSERT INTO [dbo].[GoodsSales]
           ([id]
           ,[good_id]
           ,[quantity]
           ,[sale_date])
     VALUES
           (4
           ,1
           ,8
           ,'2020-03-29')
GO

INSERT INTO [dbo].[GoodsSales]
           ([id]
           ,[good_id]
           ,[quantity]
           ,[sale_date])
     VALUES
           (5
           ,4
           ,8
           ,'2019-01-19')
GO

INSERT INTO [dbo].[GoodsSales]
           ([id]
           ,[good_id]
           ,[quantity]
           ,[sale_date])
     VALUES
           (6
           ,2
           ,7
           ,'2018-07-01')
GO

INSERT INTO [dbo].[GoodsSales]
           ([id]
           ,[good_id]
           ,[quantity]
           ,[sale_date])
     VALUES
           (7
           ,2
           ,3
           ,'2017-05-11')
GO

INSERT INTO [dbo].[GoodsSales]
           ([id]
           ,[good_id]
           ,[quantity]
           ,[sale_date])
     VALUES
           (8
           ,1
           ,4
           ,'2020-03-09')
GO

INSERT INTO [dbo].[GoodsSales]
           ([id]
           ,[good_id]
           ,[quantity]
           ,[sale_date])
     VALUES
           (9
           ,5
           ,6
           ,'2016-05-13')
GO

INSERT INTO [dbo].[GoodsSales]
           ([id]
           ,[good_id]
           ,[quantity]
           ,[sale_date])
     VALUES
           (10
           ,6
           ,5
           ,'2020-02-25')
GO

*/

